userPrincipalName,DisplayName,FirstName,LastName,password
Don.Hall@inovitcloudlabs.onmicrosoft.com,Don Hall,Don,Hall,Pass@word1
Ellen.Adams@inovitcloudlabs.onmicrosoft.com,Ellen Adams,Ellen,Adams,Pass@word1
Jeff.Simpson@inovitcloudlabs.onmicrosoft.com,Jeff Simpson,Jeff,Simpson,Pass@word1
Brian.Cox@inovitcloudlabs.onmicrosoft.com,Brian Cox,Brian,Cox,Pass@word1
Doris.Sutton@inovitcloudlabs.onmicrosoft.com,Doris Sutton,Doris,Sutton,Pass@word1
Petro.Mitchell@inovitcloudlabs.onmicrosoft.com,Petro Mitchell,Petro,Mitchell,Pass@word1
